nombre,busqueda,ciudad,direccion,telefono,latitud,longitud,url_actual,hora_extraccion
La Holanda Mascotas,petshop,"Cali, Valle del Cauca","CL 23, Av. 3 Bis Nte. #26, San Vicente, Cali",602) 6606623,3.4176158,-76.5211119,"https://www.google.com/maps/search/petshop+Cali,+Valle+del+Cauca/@3.4176158,-76.5211119,13z/data=!3m1!4b1?entry=ttu&g_ep=EgoyMDI2MDQxMy4wIKXMDSoASAFQAw%3D%3D",2026-04-16 15:53:01
SUPERMASCOTAS sede Ciudad Jardín,petshop,"Cali, Valle del Cauca","Cl. 18 #106A-16, Cañasgordas, Cali, Valle del Cauca",602) 3325757,3.4652167,-76.5970921,"https://www.google.com/maps/place/SUPERMASCOTAS+sede+Ciudad+Jard%C3%ADn/@3.4652167,-76.5970921,13z/data=!4m10!1m2!2m1!1spetshop+Cali,+Valle+del+Cauca!3m6!1s0x8e30a19ea423877f:0x8e53294f681dda89!8m2!3d3.3608619!4d-76.5311586!15sCh1wZXRzaG9wIENhbGksIFZhbGxlIGRlbCBDYXVjYVoeIhxwZXRzaG9wIGNhbGkgdmFsbGUgZGVsIGNhdWNhkgEJcGV0X3N0b3JlmgEkQ2hkRFNVaE5NRzluUzBWSlEwRm5TVVJvZW5GRU5YcG5SUkFC4AEA-gEECAAQRg!16s%2Fg%2F1z44bnzvl?entry=ttu&g_ep=EgoyMDI2MDQxMy4wIKXMDSoASAFQAw%3D%3D",2026-04-16 15:53:03
Centro Veterinario Solo Mascotas Cali,petshop,"Cali, Valle del Cauca","Cra. 42a #54-05, Cali, Valle del Cauca",316 7318519,3.4652167,-76.5970921,"https://www.google.com/maps/place/SUPERMASCOTAS+sede+Ciudad+Jard%C3%ADn/@3.4652167,-76.5970921,13z/data=!4m10!1m2!2m1!1spetshop+Cali,+Valle+del+Cauca!3m6!1s0x8e30a19ea423877f:0x8e53294f681dda89!8m2!3d3.3608619!4d-76.5311586!15sCh1wZXRzaG9wIENhbGksIFZhbGxlIGRlbCBDYXVjYVoeIhxwZXRzaG9wIGNhbGkgdmFsbGUgZGVsIGNhdWNhkgEJcGV0X3N0b3JlmgEkQ2hkRFNVaE5NRzluUzBWSlEwRm5TVVJvZW5GRU5YcG5SUkFC4AEA-gEECAAQRg!16s%2Fg%2F1z44bnzvl?entry=ttu&g_ep=EgoyMDI2MDQxMy4wIKXMDSoASAFQAw%3D%3D",2026-04-16 15:53:05
OURPETS Pet-Shop,petshop,"Cali, Valle del Cauca","Entre Calle 17N y Calle 16N, Avenida 8 #16N-18, Granada, Cali, Valle del Cauca",26607796,3.3608619,-76.6032564,"https://www.google.com/maps/place/Centro+Veterinario+Solo+Mascotas+Cali/@3.3608619,-76.6032564,13z/data=!4m10!1m2!2m1!1spetshop+Cali,+Valle+del+Cauca!3m6!1s0x8e30a12a9293ae59:0xf8663b0b12d8b951!8m2!3d3.4020383!4d-76.503754!15sCh1wZXRzaG9wIENhbGksIFZhbGxlIGRlbCBDYXVjYVoeIhxwZXRzaG9wIGNhbGkgdmFsbGUgZGVsIGNhdWNhkgEMdmV0ZXJpbmFyaWFumgEkQ2hkRFNVaE5NRzluUzBWSlEwRm5TVVF4TUdFemRHMTNSUkFC4AEA-gEECAAQNg!16s%2Fg%2F11b90jzmg3?entry=ttu&g_ep=EgoyMDI2MDQxMy4wIKXMDSoASAFQAw%3D%3D",2026-04-16 15:53:06
CENTRO DE MASCOTAS-Pet Shop - The Pets Center - Tienda Veterinaria,petshop,"Cali, Valle del Cauca","Cl. 27 #34 28, Maracaibo, Cali, Valle del Cauca",319 7194380,3.3608619,-76.6032564,"https://www.google.com/maps/place/OURPETS+Pet-Shop/@3.3608619,-76.6032564,13z/data=!4m10!1m2!2m1!1spetshop+Cali,+Valle+del+Cauca!3m6!1s0x8e30a66c6bacfd21:0x67d111945d9fab62!8m2!3d3.4598466!4d-76.5327306!15sCh1wZXRzaG9wIENhbGksIFZhbGxlIGRlbCBDYXVjYVoeIhxwZXRzaG9wIGNhbGkgdmFsbGUgZGVsIGNhdWNhkgEQcGV0X3N1cHBseV9zdG9yZZoBJENoZERTVWhOTUc5blMwVkpRMEZuU1VSaWRqVmhiM0IzUlJBQuABAPoBBAgzECs!16s%2Fg%2F1pyqr730r?entry=ttu&g_ep=EgoyMDI2MDQxMy4wIKXMDSoASAFQAw%3D%3D",2026-04-16 15:53:07
Pets & Pets Ciudad Jardín,petshop,"Cali, Valle del Cauca","Av. Cascajal #106 - 74, Ciudad Jardín, Cali, Valle del Cauca",320 8000002,3.4598466,-76.6048284,"https://www.google.com/maps/place/CENTRO+DE+MASCOTAS-Pet+Shop+-+The+Pets+Center+-+Tienda+Veterinaria/@3.4598466,-76.6048284,13z/data=!4m10!1m2!2m1!1spetshop+Cali,+Valle+del+Cauca!3m6!1s0x8e30a7dceb1821a7:0xcdc5a4e6ea54ca63!8m2!3d3.42182!4d-76.517418!15sCh1wZXRzaG9wIENhbGksIFZhbGxlIGRlbCBDYXVjYVoeIhxwZXRzaG9wIGNhbGkgdmFsbGUgZGVsIGNhdWNhkgEQcGV0X3N1cHBseV9zdG9yZZoBI0NoWkRTVWhOTUc5blMwVkpRMEZuU1VSNmNFd3lkMGxuRUFF4AEA-gEECAAQOQ!16s%2Fg%2F11k4rqxrnl?entry=ttu&g_ep=EgoyMDI2MDQxMy4wIKXMDSoASAFQAw%3D%3D",2026-04-16 15:53:09
SUPER MASCOTAS sede Oeste El Peñon,petshop,"Cali, Valle del Cauca","Cl. 2 Oe. #1- 05, Normandia Sebastian de Belalcazar, Cali, Valle del Cauca",602) 8926515,3.4598466,-76.6048284,"https://www.google.com/maps/place/Pets+%26+Pets+Ciudad+Jard%C3%ADn/@3.4598466,-76.6048284,13z/data=!3m1!5s0x8e30a19c267d2191:0x52710209b4713418!4m10!1m2!2m1!1spetshop+Cali,+Valle+del+Cauca!3m6!1s0x8e30a1821e27b18d:0xe950abdeafab7a67!8m2!3d3.3617768!4d-76.5317996!15sCh1wZXRzaG9wIENhbGksIFZhbGxlIGRlbCBDYXVjYVoeIhxwZXRzaG9wIGNhbGkgdmFsbGUgZGVsIGNhdWNhkgEeZW1lcmdlbmN5X3ZldGVyaW5hcmlhbl9zZXJ2aWNlmgFEQ2k5RFFVbFJRVU52WkVOb2RIbGpSamx2VDIwNVZWZHROVXhPYXpWVlVucFJOVTlXVmxwV01WVjVXV3hXY1UxRlJSQULgAQD6AQQIABBI!16s%2Fg%2F11pg_pt1c3?entry=ttu&g_ep=EgoyMDI2MDQxMy4wIKXMDSoASAFQAw%3D%3D",2026-04-16 15:53:10
WohlPet - Club y Tienda Virtual de Mascotas,petshop,"Cali, Valle del Cauca","Puerta con Reja Negra, Cl. 14 #54 - 62 Casa Primer Piso, 1 de Mayo, Cali, Valle del Cauca",316 5292737,3.3628559,-76.6039076,"https://www.google.com/maps/place/SUPER+MASCOTAS+sede+Oeste+El+Pe%C3%B1on/@3.3628559,-76.6039076,13z/data=!4m10!1m2!2m1!1spetshop+Cali,+Valle+del+Cauca!3m6!1s0x8e30a678fdcfa5e7:0xfd85f4848476eaf2!8m2!3d3.4512899!4d-76.5414685!15sCh1wZXRzaG9wIENhbGksIFZhbGxlIGRlbCBDYXVjYVoeIhxwZXRzaG9wIGNhbGkgdmFsbGUgZGVsIGNhdWNhkgEQcGV0X3N1cHBseV9zdG9yZZoBI0NoWkRTVWhOTUc5blMwVkpRMEZuU1VONGIzQmxVMGRCRUFF4AEA-gEECAAQOw!16s%2Fg%2F1pyqp1qm0?entry=ttu&g_ep=EgoyMDI2MDQxMy4wIKXMDSoASAFQAw%3D%3D",2026-04-16 15:53:11
ANIMALARIO CALI,petshop,"Cali, Valle del Cauca","Tv. 25 #27a31, Comuna 8, Cali, Valle del Cauca",602) 6606623,3.4512899,-76.6135663,"https://www.google.com/maps/place/WohlPet+-+Club+y+Tienda+Virtual+de+Mascotas/@3.4512899,-76.6135663,13z/data=!4m10!1m2!2m1!1spetshop+Cali,+Valle+del+Cauca!3m6!1s0x8e30a757cbcc4fd3:0x1a62a7e516d7aeb2!8m2!3d3.4043957!4d-76.5313712!15sCh1wZXRzaG9wIENhbGksIFZhbGxlIGRlbCBDYXVjYVoeIhxwZXRzaG9wIGNhbGkgdmFsbGUgZGVsIGNhdWNhkgEQcGV0X3N1cHBseV9zdG9yZZoBRENpOURRVWxSUVVOdlpFTm9kSGxqUmpsdlQyMVdSMDF1VWxwUFdGcFhZbXh3UkdFd2RFaFNhMHBPVkZka2NrMUlZeEFC4AEA-gEECAAQOQ!16s%2Fg%2F11fs6v2wbg?entry=ttu&g_ep=EgoyMDI2MDQxMy4wIKXMDSoASAFQAw%3D%3D",2026-04-16 15:53:12
La Mascotería Cali,petshop,"Cali, Valle del Cauca","Carrera 3 Oeste #4-16, COMUNA 3, Cali, Valle del Cauca",311 3292947,3.4512899,-76.6135663,"https://www.google.com/maps/place/ANIMALARIO+CALI/@3.4512899,-76.6135663,13z/data=!4m10!1m2!2m1!1spetshop+Cali,+Valle+del+Cauca!3m6!1s0x8e30a77c6010645b:0x48b16d85f0877b9!8m2!3d3.437658!4d-76.517646!15sCh1wZXRzaG9wIENhbGksIFZhbGxlIGRlbCBDYXVjYVoeIhxwZXRzaG9wIGNhbGkgdmFsbGUgZGVsIGNhdWNhkgEJcGV0X3N0b3JlmgEkQ2hkRFNVaE5NRzluUzBWSlEwRm5TVU0zWjNWaFQzVlJSUkFC4AEA-gEECAAQNg!16s%2Fg%2F11hdj5ftv1?entry=ttu&g_ep=EgoyMDI2MDQxMy4wIKXMDSoASAFQAw%3D%3D",2026-04-16 15:53:14
Supertienda de mascotas Aristi,petshop,"Cali, Valle del Cauca","Cra. 5 Nte. #46AN-45, COMUNA 4, Cali, Valle del Cauca",304 5774885,3.4512899,-76.6135663,"https://www.google.com/maps/place/La+Mascoter%C3%ADa+Cali/@3.4512899,-76.6135663,13z/data=!4m10!1m2!2m1!1spetshop+Cali,+Valle+del+Cauca!3m6!1s0x8e30a796b26c4f51:0x67f68e5d2ade40f9!8m2!3d3.450287!4d-76.5438482!15sCh1wZXRzaG9wIENhbGksIFZhbGxlIGRlbCBDYXVjYVoeIhxwZXRzaG9wIGNhbGkgdmFsbGUgZGVsIGNhdWNhkgEQcGV0X3N1cHBseV9zdG9yZZoBI0NoWkRTVWhOTUc5blMwVkpRMEZuU1VONE1rbExUMUZSRUFF4AEA-gEECAAQNQ!16s%2Fg%2F11rsswxsg9?entry=ttu&g_ep=EgoyMDI2MDQxMy4wIKXMDSoASAFQAw%3D%3D",2026-04-16 15:53:16
CALI MASCOTAS,petshop,"Cali, Valle del Cauca","Cl. 44 #16 27, Nueva Floresta, Cali, Valle del Cauca",318 2005649,3.4512899,-76.6135663,"https://www.google.com/maps/place/Supertienda+de+mascotas+Aristi/@3.4512899,-76.6135663,13z/data=!4m10!1m2!2m1!1spetshop+Cali,+Valle+del+Cauca!3m6!1s0x8e30a79652f61c77:0xf72b606e326ca001!8m2!3d3.4743697!4d-76.509776!15sCh1wZXRzaG9wIENhbGksIFZhbGxlIGRlbCBDYXVjYVoeIhxwZXRzaG9wIGNhbGkgdmFsbGUgZGVsIGNhdWNhkgEQcGV0X3N1cHBseV9zdG9yZZoBI0NoWkRTVWhOTUc5blMwVkpRMEZuU1VOYU9HUmZhMWxuRUFF4AEA-gEECAAQQg!16s%2Fg%2F11s4y85v0b?entry=ttu&g_ep=EgoyMDI2MDQxMy4wIKXMDSoASAFQAw%3D%3D",2026-04-16 15:53:17
Multimascotas Del Valle,petshop,"Cali, Valle del Cauca","CENTRO COMERCIAL PASEO DE LA 5TA, Cl. 5 #46-83, Cali, Valle del Cauca",315 3098080,3.4512899,-76.6135663,"https://www.google.com/maps/place/CALI+MASCOTAS/@3.4512899,-76.6135663,13z/data=!4m10!1m2!2m1!1spetshop+Cali,+Valle+del+Cauca!3m6!1s0x8e30a7fed36c0fd7:0x1a5e8830f42303e4!8m2!3d3.4430189!4d-76.5024113!15sCh1wZXRzaG9wIENhbGksIFZhbGxlIGRlbCBDYXVjYVoeIhxwZXRzaG9wIGNhbGkgdmFsbGUgZGVsIGNhdWNhkgEQcGV0X3N1cHBseV9zdG9yZZoBRENpOURRVWxSUVVOdlpFTm9kSGxqUmpsdlQyNVdlR0pETVVaV1ZHeFdUMWQ0VVU0eFdsbFNNMXBNV1ZjMWNGSldSUkFC4AEA-gEECAAQMw!16s%2Fg%2F11t4ty3btt?entry=ttu&g_ep=EgoyMDI2MDQxMy4wIKXMDSoASAFQAw%3D%3D",2026-04-16 15:53:18
Pet Shop Firulais,petshop,"Cali, Valle del Cauca","Cra. 2a 1 #59d-29 59d-29, Comuna 5, Cali, Valle del Cauca",316 5302255,3.4430189,-76.5745091,"https://www.google.com/maps/place/Multimascotas+Del+Valle/@3.4430189,-76.5745091,13z/data=!4m10!1m2!2m1!1spetshop+Cali,+Valle+del+Cauca!3m6!1s0x8e30a73c2594605d:0x1545f8226b3eef84!8m2!3d3.4185512!4d-76.5484294!15sCh1wZXRzaG9wIENhbGksIFZhbGxlIGRlbCBDYXVjYVoeIhxwZXRzaG9wIGNhbGkgdmFsbGUgZGVsIGNhdWNhkgEJcGV0X3N0b3JlmgEkQ2hkRFNVaE5NRzluUzBWSlEwRm5TVVJsZWs5RExYWkJSUkFC4AEA-gEECAAQMg!16s%2Fg%2F11rc2kyfcd?entry=ttu&g_ep=EgoyMDI2MDQxMy4wIKXMDSoASAFQAw%3D%3D",2026-04-16 15:53:18
Pet Market CLÍNICA VETERINARIA,petshop,"Cali, Valle del Cauca","Cra. 5 #52-27, Comuna 5, Cali, Valle del Cauca",314 6752225,3.4185512,-76.6205272,"https://www.google.com/maps/place/Pet+Shop+Firulais/@3.4185512,-76.6205272,13z/data=!4m10!1m2!2m1!1spetshop+Cali,+Valle+del+Cauca!3m6!1s0x8e30a7cf02a615e9:0x7e3980d01a1642d4!8m2!3d3.4697039!4d-76.4937944!15sCh1wZXRzaG9wIENhbGksIFZhbGxlIGRlbCBDYXVjYVoeIhxwZXRzaG9wIGNhbGkgdmFsbGUgZGVsIGNhdWNhkgEQcGV0X3N1cHBseV9zdG9yZZoBJENoZERTVWhOTUc5blMwVkpRMEZuU1VSUU0wNUhUREpCUlJBQuABAPoBBAgPED0!16s%2Fg%2F11hbl0_ssf?entry=ttu&g_ep=EgoyMDI2MDQxMy4wIKXMDSoASAFQAw%3D%3D",2026-04-16 15:53:20
"Reino Animal Alameda Cali - Aves, peces , conejos",petshop,"Cali, Valle del Cauca","Cl. 9 #23A - 78, La Alameda, Cali, Valle del Cauca",315 5887843,3.4630981,-76.5722549,"https://www.google.com/maps/place/Pet+Market+CL%C3%8DNICA+VETERINARIA/@3.4630981,-76.5722549,13z/data=!4m10!1m2!2m1!1spetshop+Cali,+Valle+del+Cauca!3m6!1s0x8e30a7ca824d31a5:0xd1f9970e26cabe18!8m2!3d3.4630981!4d-76.5001571!15sCh1wZXRzaG9wIENhbGksIFZhbGxlIGRlbCBDYXVjYVoeIhxwZXRzaG9wIGNhbGkgdmFsbGUgZGVsIGNhdWNhkgEMdmV0ZXJpbmFyaWFumgEkQ2hkRFNVaE5NRzluUzBWSlEwRm5TVU5MZG1KSFgzQkJSUkFC4AEA-gEECAAQSg!16s%2Fg%2F1z449zfsm?entry=ttu&g_ep=EgoyMDI2MDQxMy4wIKXMDSoASAFQAw%3D%3D",2026-04-16 15:53:22
Zoomarpets,petshop,"Cali, Valle del Cauca","Avenida 6 Norte No. 28N-75, Cali, Valle del Cauca",310 4964527,3.4630981,-76.5722549,"https://www.google.com/maps/place/Reino+Animal+Alameda+Cali+-+Aves,+peces+,+conejos/@3.4630981,-76.5722549,13z/data=!4m10!1m2!2m1!1spetshop+Cali,+Valle+del+Cauca!3m6!1s0x8e30a68fb476f053:0x8b50e8bd2e91a1f2!8m2!3d3.4355111!4d-76.534695!15sCh1wZXRzaG9wIENhbGksIFZhbGxlIGRlbCBDYXVjYVoeIhxwZXRzaG9wIGNhbGkgdmFsbGUgZGVsIGNhdWNhkgEQcGV0X3N1cHBseV9zdG9yZZoBJENoZERTVWhOTUc5blMwVkpRMEZuU1VOb2VtOVVSM0ZuUlJBQuABAPoBBAgAEC0!16s%2Fg%2F11dymnr58j?entry=ttu&g_ep=EgoyMDI2MDQxMy4wIKXMDSoASAFQAw%3D%3D",2026-04-16 15:53:23
La Boutique De Amelie - Mascotas,petshop,"Cali, Valle del Cauca","Cra. 13a #1-76, COMUNA 3, Cali, Valle del Cauca",318 4652229,3.4355111,-76.6067928,"https://www.google.com/maps/place/Zoomarpets/@3.4355111,-76.6067928,13z/data=!4m10!1m2!2m1!1spetshop+Cali,+Valle+del+Cauca!3m6!1s0x8e30a72a3b6b4939:0x1d360badbb3469c!8m2!3d3.4700967!4d-76.5280229!15sCh1wZXRzaG9wIENhbGksIFZhbGxlIGRlbCBDYXVjYVoeIhxwZXRzaG9wIGNhbGkgdmFsbGUgZGVsIGNhdWNhkgEJcGV0X3N0b3JlmgFEQ2k5RFFVbFJRVU52WkVOb2RIbGpSamx2VDIwNVJtRXpWbEZTZW1Rd1dqQmFjVkp0TVdoVGJXeFdZVWRWZUdKdVl4QULgAQD6AQQIABA8!16s%2Fg%2F1pyqtg4pl?entry=ttu&g_ep=EgoyMDI2MDQxMy4wIKXMDSoASAFQAw%3D%3D",2026-04-16 15:53:24
Tienda de Mascotas Cali,petshop,"Cali, Valle del Cauca","TIENDA ONLINE (DIRECCION DE OFICINA, Comuna 17, Cali, Valle del Cauca",316 7574966,3.4355111,-76.6067928,"https://www.google.com/maps/place/La+Boutique+De+Amelie+-+Mascotas/@3.4355111,-76.6067928,13z/data=!4m10!1m2!2m1!1spetshop+Cali,+Valle+del+Cauca!3m6!1s0x8e30a67d64595b8f:0xe52d32e146220a5f!8m2!3d3.4438155!4d-76.5405186!15sCh1wZXRzaG9wIENhbGksIFZhbGxlIGRlbCBDYXVjYVoeIhxwZXRzaG9wIGNhbGkgdmFsbGUgZGVsIGNhdWNhkgEQcGV0X3N1cHBseV9zdG9yZZoBJENoZERTVWhOTUc5blMwVkpRMEZuU1VONGVFbFlXV3BCUlJBQuABAPoBBAgAECE!16s%2Fg%2F11hd1rd5c5?entry=ttu&g_ep=EgoyMDI2MDQxMy4wIKXMDSoASAFQAw%3D%3D",2026-04-16 15:53:25
Tienda de Mascotas,petshop,"Cali, Valle del Cauca","esq. Carrera 23, Cl 8 #23-30, La Alameda, Cali, Valle del Cauca",602) 6606623,3.4355111,-76.6067928,"https://www.google.com/maps/place/Tienda+de+Mascotas+Cali/@3.4355111,-76.6067928,13z/data=!4m11!1m3!2m2!1spetshop+Cali,+Valle+del+Cauca!6e6!3m6!1s0x8e30a15ce18b9d57:0x2451d76acf11e0e6!8m2!3d3.3891739!4d-76.5443746!15sCh1wZXRzaG9wIENhbGksIFZhbGxlIGRlbCBDYXVjYVoeIhxwZXRzaG9wIGNhbGkgdmFsbGUgZGVsIGNhdWNhkgEKZmVlZF9zdG9yZeABAA!16s%2Fg%2F11c1w0jwwr?entry=ttu&g_ep=EgoyMDI2MDQxMy4wIKXMDSoASAFQAw%3D%3D",2026-04-16 15:53:27
Veterinaria Mundo Mascotas La Rivera,petshop,"Cali, Valle del Cauca","la rivera 2, Cra 2 #65-21, Comuna 5, Cali, Valle del Cauca",312 2054104,3.4355111,-76.6067928,"https://www.google.com/maps/place/Tienda+de+Mascotas/@3.4355111,-76.6067928,13z/data=!4m11!1m3!2m2!1spetshop+Cali,+Valle+del+Cauca!6e6!3m6!1s0x8e30a68f1204592b:0x5924d1db762a6ae8!8m2!3d3.4377017!4d-76.533956!15sCh1wZXRzaG9wIENhbGksIFZhbGxlIGRlbCBDYXVjYVoeIhxwZXRzaG9wIGNhbGkgdmFsbGUgZGVsIGNhdWNhkgEQcGV0X3N1cHBseV9zdG9yZZoBRENpOURRVWxSUVVOdlpFTm9kSGxqUmpsdlQycGtUazVYY0hkWGJGSldVak5DYlU5RmJETmtNVXBWWkdreFZGRXlZeEFC4AEA-gEECAAQEg!16s%2Fg%2F1pyqf21xc?entry=ttu&g_ep=EgoyMDI2MDQxMy4wIKXMDSoASAFQAw%3D%3D",2026-04-16 15:53:30
Perla Pets Tienda de Mascotas y Peluquería Cali,petshop,"Cali, Valle del Cauca","Cra. 41b #40-61, Union de Vivienda Popular, Cali, Valle del Cauca",310 2679451,3.4719978,-76.5618191,"https://www.google.com/maps/place/CARAMELO+PET+SHOP/@3.4719978,-76.5618191,13z/data=!4m11!1m3!2m2!1spetshop+Cali,+Valle+del+Cauca!6e6!3m6!1s0x8e30a7f314cd705d:0xae3aff8825deb7d8!8m2!3d3.4134545!4d-76.5088645!15sCh1wZXRzaG9wIENhbGksIFZhbGxlIGRlbCBDYXVjYVoeIhxwZXRzaG9wIGNhbGkgdmFsbGUgZGVsIGNhdWNhkgEQcGV0X3N1cHBseV9zdG9yZZoBI0NoWkRTVWhOTUc5blMwVkpRMEZuU1VOU2IxODNjVXhSRUFF4AEA-gEECAAQIg!16s%2Fg%2F11r2jstbw0?entry=ttu&g_ep=EgoyMDI2MDQxMy4wIKXMDSoASAFQAw%3D%3D",2026-04-16 15:53:34
Tienda Veterinaria Canipet's,petshop,"Cali, Valle del Cauca","Dg. 26k #83-02, Marroquin II, Cali, Valle del Cauca",310 5715690,3.4134545,-76.5809623,"https://www.google.com/maps/place/Perla+Pets+Tienda+de+Mascotas+y+Peluquer%C3%ADa+Cali/@3.4134545,-76.5809623,13z/data=!4m11!1m3!2m2!1spetshop+Cali,+Valle+del+Cauca!6e6!3m6!1s0x8e30a72352a89155:0xd26ca5c1c9798c47!8m2!3d3.435616!4d-76.535673!15sCh1wZXRzaG9wIENhbGksIFZhbGxlIGRlbCBDYXVjYVoeIhxwZXRzaG9wIGNhbGkgdmFsbGUgZGVsIGNhdWNhkgEQcGV0X3N1cHBseV9zdG9yZZoBI0NoWkRTVWhOTUc5blMwVkpRMEZuU1VOSU5ITXRRbGgzRUFF4AEA-gEECAAQPQ!16s%2Fg%2F11t27t4tfv?entry=ttu&g_ep=EgoyMDI2MDQxMy4wIKXMDSoASAFQAw%3D%3D",2026-04-16 15:53:37
Pet Shop Veterinaria,petshop,"Cali, Valle del Cauca","Cl. 33a #17c-3 #17c-77 a, Comuna 8, Cali, Valle del Cauca",302 2119295,3.4134545,-76.5809623,"https://www.google.com/maps/place/Tienda+Veterinaria+Canipet's/@3.4134545,-76.5809623,13z/data=!4m11!1m3!2m2!1spetshop+Cali,+Valle+del+Cauca!6e6!3m6!1s0x8e30a71496fcc43b:0x5eefb2a0dc114c09!8m2!3d3.4273729!4d-76.481111!15sCh1wZXRzaG9wIENhbGksIFZhbGxlIGRlbCBDYXVjYVoeIhxwZXRzaG9wIGNhbGkgdmFsbGUgZGVsIGNhdWNhkgEMdmV0ZXJpbmFyaWFumgEjQ2haRFNVaE5NRzluUzBWSlEwRm5TVVJZY2t4eGNGWkJFQUXgAQD6AQQIABBB!16s%2Fg%2F11kmmxqttv?entry=ttu&g_ep=EgoyMDI2MDQxMy4wIKXMDSoASAFQAw%3D%3D",2026-04-16 15:53:38
Cachorritosco,petshop,"Cali, Valle del Cauca","Cl. 5 #57-30, Cuarto de Legua, Cali, Valle del Cauca",312 7030480,3.4134545,-76.5809623,"https://www.google.com/maps/place/Pet+Shop+Veterinaria/@3.4134545,-76.5809623,13z/data=!4m11!1m3!2m2!1spetshop+Cali,+Valle+del+Cauca!6e6!3m6!1s0x8e30a6f84597d13d:0x6daf51bc8a0f39a7!8m2!3d3.4417408!4d-76.5122517!15sCh1wZXRzaG9wIENhbGksIFZhbGxlIGRlbCBDYXVjYVoeIhxwZXRzaG9wIGNhbGkgdmFsbGUgZGVsIGNhdWNhkgEMdmV0ZXJpbmFyaWFumgEjQ2haRFNVaE5NRzluUzBWSlEwRm5TVU01ZFZCNWRtVm5FQUXgAQD6AQQIABAS!16s%2Fg%2F11f3v7016k?entry=ttu&g_ep=EgoyMDI2MDQxMy4wIKXMDSoASAFQAw%3D%3D",2026-04-16 15:53:39
Lulus PET SHOP-Tienda de Mascotas,petshop,"Cali, Valle del Cauca","Cl. 5 #57-30, Cuarto de Legua, Cali, Valle del Cauca",312 7030480,3.4134545,-76.5809623,"https://www.google.com/maps/place/Cachorritosco/@3.4134545,-76.5809623,13z/data=!4m11!1m3!2m2!1spetshop+Cali,+Valle+del+Cauca!6e6!3m6!1s0x8e30a6aa6f4569a3:0xb9a0159e91268ec9!8m2!3d3.4077388!4d-76.54754!15sCh1wZXRzaG9wIENhbGksIFZhbGxlIGRlbCBDYXVjYVoeIhxwZXRzaG9wIGNhbGkgdmFsbGUgZGVsIGNhdWNhkgEQcGV0X3N1cHBseV9zdG9yZZoBI0NoWkRTVWhOTUc5blMwVkpRMEZuU1VOT2VrMTJiVlZuRUFF4AEA-gEECAAQQw!16s%2Fg%2F11cff17fv?entry=ttu&g_ep=EgoyMDI2MDQxMy4wIKXMDSoASAFQAw%3D%3D",2026-04-16 15:53:41
Surticampo,petshop,"Cali, Valle del Cauca","Cra. 56 #13c-34, 1 de Mayo, Cali, Valle del Cauca",315 2861646,3.4077388,-76.6196378,"https://www.google.com/maps/place/Lulus+PET+SHOP-Tienda+de+Mascotas/@3.4077388,-76.6196378,13z/data=!4m11!1m3!2m2!1spetshop+Cali,+Valle+del+Cauca!6e6!3m6!1s0x8e30a76a0323ac31:0x4c0cd913347fe260!8m2!3d3.4045246!4d-76.5339664!15sCh1wZXRzaG9wIENhbGksIFZhbGxlIGRlbCBDYXVjYVoeIhxwZXRzaG9wIGNhbGkgdmFsbGUgZGVsIGNhdWNhkgEQcGV0X3N1cHBseV9zdG9yZZoBJENoZERTVWhOTUc5blMwVkpRMEZuU1VOb09FOHpVRzFCUlJBQuABAPoBBAgAECM!16s%2Fg%2F11rycrnyxp?entry=ttu&g_ep=EgoyMDI2MDQxMy4wIKXMDSoASAFQAw%3D%3D",2026-04-16 15:53:54
"Furry Land | Clínica Veterinaria, Spa & Pet shop",petshop,"Cali, Valle del Cauca","Cra. 56 #13c-34, 1 de Mayo, Cali, Valle del Cauca",310 2094444,3.4077388,-76.6196378,"https://www.google.com/maps/place/Lulus+PET+SHOP-Tienda+de+Mascotas/@3.4077388,-76.6196378,13z/data=!4m11!1m3!2m2!1spetshop+Cali,+Valle+del+Cauca!6e6!3m6!1s0x8e30a76a0323ac31:0x4c0cd913347fe260!8m2!3d3.4045246!4d-76.5339664!15sCh1wZXRzaG9wIENhbGksIFZhbGxlIGRlbCBDYXVjYVoeIhxwZXRzaG9wIGNhbGkgdmFsbGUgZGVsIGNhdWNhkgEQcGV0X3N1cHBseV9zdG9yZZoBJENoZERTVWhOTUc5blMwVkpRMEZuU1VOb09FOHpVRzFCUlJBQuABAPoBBAgAECM!16s%2Fg%2F11rycrnyxp?entry=ttu&g_ep=EgoyMDI2MDQxMy4wIKXMDSoASAFQAw%3D%3D",2026-04-16 15:53:56
Lawau Pets,petshop,"Cali, Valle del Cauca","a 98a-59 Calle 42, #98a-1, Cali, Valle del Cauca",310 6596909,3.4077388,-76.6196378,"https://www.google.com/maps/place/Furry+Land+%7C+Cl%C3%ADnica+Veterinaria,+Spa+%26+Pet+shop/@3.4077388,-76.6196378,13z/data=!4m11!1m3!2m2!1spetshop+Cali,+Valle+del+Cauca!6e6!3m6!1s0x8e30a6aa33bfa807:0x65fa7696fb0db2f8!8m2!3d3.4082839!4d-76.5456613!15sCh1wZXRzaG9wIENhbGksIFZhbGxlIGRlbCBDYXVjYVoeIhxwZXRzaG9wIGNhbGkgdmFsbGUgZGVsIGNhdWNhkgEMdmV0ZXJpbmFyaWFumgEjQ2haRFNVaE5NRzluUzBWSlEwRm5TVVJQTm5RM01FeFJFQUXgAQD6AQQIABA8!16s%2Fg%2F11f3v0lt6c?entry=ttu&g_ep=EgoyMDI2MDQxMy4wIKXMDSoASAFQAw%3D%3D",2026-04-16 15:53:57
Animaland Tienda y Spa Para Mascotas,petshop,"Cali, Valle del Cauca","Cra. 101 #13-15 Local 102, Ciudad Jardín, Cali, Valle del Cauca",322 5280950,3.4077388,-76.6196378,"https://www.google.com/maps/place/Lawau+Pets/@3.4077388,-76.6196378,13z/data=!4m11!1m3!2m2!1spetshop+Cali,+Valle+del+Cauca!6e6!3m6!1s0x8e30a10c00adecc3:0x85847ffb9075fbc8!8m2!3d3.3697888!4d-76.5202636!15sCh1wZXRzaG9wIENhbGksIFZhbGxlIGRlbCBDYXVjYVoeIhxwZXRzaG9wIGNhbGkgdmFsbGUgZGVsIGNhdWNhkgEQcGV0X3N1cHBseV9zdG9yZZoBI0NoWkRTVWhOTUc5blMwVkpRMEZuU1VSUE0wOXBaR1pSRUFF4AEA-gEECAAQPg!16s%2Fg%2F11fx8vbvff?entry=ttu&g_ep=EgoyMDI2MDQxMy4wIKXMDSoASAFQAw%3D%3D",2026-04-16 15:53:58
Pets club,petshop,"Cali, Valle del Cauca","Cra. 101 #13-15 Local 102, Ciudad Jardín, Cali, Valle del Cauca",322 5280950,3.4077388,-76.6196378,"https://www.google.com/maps/place/Animaland+Tienda+y+Spa+Para+Mascotas/@3.4077388,-76.6196378,13z/data=!4m11!1m3!2m2!1spetshop+Cali,+Valle+del+Cauca!6e6!3m6!1s0x8e30a154d804a5fb:0xa962be8a4ae2a24c!8m2!3d3.3697814!4d-76.53704!15sCh1wZXRzaG9wIENhbGksIFZhbGxlIGRlbCBDYXVjYVoeIhxwZXRzaG9wIGNhbGkgdmFsbGUgZGVsIGNhdWNhkgEMdmV0ZXJpbmFyaWFumgEkQ2hkRFNVaE5NRzluUzBWSlEwRm5TVVJDT1U5UFJ6UjNSUkFC4AEA-gEECAAQQA!16s%2Fg%2F11mq8gkqbk?entry=ttu&g_ep=EgoyMDI2MDQxMy4wIKXMDSoASAFQAw%3D%3D",2026-04-16 15:54:00
Eps Super Plan Mascotas,petshop,"Cali, Valle del Cauca","Cra. 12 #49-25, Comuna 8, Cali, Valle del Cauca",323 3621592,3.4488138,-76.5731067,"https://www.google.com/maps/place/Pets+club/@3.4488138,-76.5731067,13z/data=!4m11!1m3!2m2!1spetshop+Cali,+Valle+del+Cauca!6e6!3m6!1s0x8e30a7fbeea4878b:0xfcad97f3735b5404!8m2!3d3.4488138!4d-76.5010089!15sCh1wZXRzaG9wIENhbGksIFZhbGxlIGRlbCBDYXVjYVoeIhxwZXRzaG9wIGNhbGkgdmFsbGUgZGVsIGNhdWNhkgEMdmV0ZXJpbmFyaWFumgEjQ2haRFNVaE5NRzluUzBWSlEwRm5TVVI0Tm05bFRGaFJFQUXgAQD6AQQIABA_!16s%2Fg%2F11h07fyhyw?entry=ttu&g_ep=EgoyMDI2MDQxMy4wIKXMDSoASAFQAw%3D%3D",2026-04-16 15:54:06
ZOOMASCOTAS,petshop,"Cali, Valle del Cauca","6 b 45, Cra. 44, Los Cambulos, Cali, Valle del Cauca",310 8925241,3.4173506,-76.6137042,"https://www.google.com/maps/place/ZOOMASCOTAS/@3.4173506,-76.6137042,13z/data=!4m11!1m3!2m2!1spetshop+Cali,+Valle+del+Cauca!6e6!3m6!1s0x8e30a696f7597719:0x8ff9ebe4d8332b76!8m2!3d3.4267052!4d-76.5336941!15sCh1wZXRzaG9wIENhbGksIFZhbGxlIGRlbCBDYXVjYVoeIhxwZXRzaG9wIGNhbGkgdmFsbGUgZGVsIGNhdWNhkgEMdmV0ZXJpbmFyaWFumgEjQ2haRFNVaE5NRzluUzBWSlEwRm5TVVJDYkRjeVZGbG5FQUXgAQD6AQQIABBI!16s%2Fg%2F1pzv_zb3k?entry=ttu&g_ep=EgoyMDI2MDQxMy4wIKXMDSoASAFQAw%3D%3D",2026-04-16 15:54:08
Tienda de Animales el canario,petshop,"Cali, Valle del Cauca","Cl. 10 #32-36, Eucaristico, Cali, Valle del Cauca",25565132,3.4173506,-76.6137042,"https://www.google.com/maps/place/ZOOMASCOTAS/@3.4173506,-76.6137042,13z/data=!4m11!1m3!2m2!1spetshop+Cali,+Valle+del+Cauca!6e6!3m6!1s0x8e30a696f7597719:0x8ff9ebe4d8332b76!8m2!3d3.4267052!4d-76.5336941!15sCh1wZXRzaG9wIENhbGksIFZhbGxlIGRlbCBDYXVjYVoeIhxwZXRzaG9wIGNhbGkgdmFsbGUgZGVsIGNhdWNhkgEMdmV0ZXJpbmFyaWFumgEjQ2haRFNVaE5NRzluUzBWSlEwRm5TVVJDYkRjeVZGbG5FQUXgAQD6AQQIABBI!16s%2Fg%2F1pzv_zb3k?entry=ttu&g_ep=EgoyMDI2MDQxMy4wIKXMDSoASAFQAw%3D%3D",2026-04-16 15:54:20
Tienda de mascotas Razas pets house cali,petshop,"Cali, Valle del Cauca","Cl. 10 #32-36, Eucaristico, Cali, Valle del Cauca",323 3417734,3.4173506,-76.6137042,"https://www.google.com/maps/place/ZOOMASCOTAS/@3.4173506,-76.6137042,13z/data=!4m11!1m3!2m2!1spetshop+Cali,+Valle+del+Cauca!6e6!3m6!1s0x8e30a696f7597719:0x8ff9ebe4d8332b76!8m2!3d3.4267052!4d-76.5336941!15sCh1wZXRzaG9wIENhbGksIFZhbGxlIGRlbCBDYXVjYVoeIhxwZXRzaG9wIGNhbGkgdmFsbGUgZGVsIGNhdWNhkgEMdmV0ZXJpbmFyaWFumgEjQ2haRFNVaE5NRzluUzBWSlEwRm5TVVJDYkRjeVZGbG5FQUXgAQD6AQQIABBI!16s%2Fg%2F1pzv_zb3k?entry=ttu&g_ep=EgoyMDI2MDQxMy4wIKXMDSoASAFQAw%3D%3D",2026-04-16 15:54:21
FUNNY PETS,petshop,"Cali, Valle del Cauca","Cra 85B #15 - 110, El Ingenio, Cali, Valle del Cauca",315 2135138,3.4173506,-76.6137042,"https://www.google.com/maps/place/Tienda+de+mascotas+Razas+pets+house+cali/@3.4173506,-76.6137042,13z/data=!4m11!1m3!2m2!1spetshop+Cali,+Valle+del+Cauca!6e6!3m6!1s0x8e30a7cdab0fdd87:0xcebd5d79e99244db!8m2!3d3.4254605!4d-76.5318607!15sCh1wZXRzaG9wIENhbGksIFZhbGxlIGRlbCBDYXVjYVoeIhxwZXRzaG9wIGNhbGkgdmFsbGUgZGVsIGNhdWNhkgEQcGV0X3N1cHBseV9zdG9yZeABAA!16s%2Fg%2F11v3xgpm36?entry=ttu&g_ep=EgoyMDI2MDQxMy4wIKXMDSoASAFQAw%3D%3D",2026-04-16 15:54:22
